ActiveUsers,RSRP,SINR,CQI,MCS,PRBUtilization,Throughput
20.0,-93.4,8.0,7,13,13.8,8.26
141.0,-66.9,15.5,10,19,76.3,90.15
37.0,-73.4,14.0,9,17,26.3,27.62
168.0,-127.5,-8.7,0,0,91.9,3.59
16.0,-55.1,21.6,12,22,21.8,34.93
175.0,-120.5,-2.5,3,6,94.4,13.19
164.0,-89.4,5.1,6,11,87.4,38.52
70.0,-72.1,14.4,9,17,42.9,46.16
153.0,-106.9,-0.4,4,7,88.2,18.15
73.0,-61.7,15.4,10,19,45.8,50.79
93.0,-118.7,-6.1,1,2,60.5,3.94
105.0,-65.1,17.1,10,19,65.2,84.73
111.0,-93.2,4.7,6,11,60.2,25.09
10.0,-129.1,-6.0,2,4,19.6,1.38
93.0,-75.8,13.7,9,17,54.0,54.06
142.0,-131.3,-6.6,1,2,78.3,4.94
170.0,-69.9,12.7,9,17,91.9,86.51
31.0,-107.1,1.8,4,7,22.9,6.8
92.0,-107.6,-1.0,3,6,59.1,10.51
128.0,-113.8,-1.4,3,6,76.8,12.4
132.0,-84.5,7.3,6,11,75.6,43.63
58.0,-96.2,8.1,7,13,38.9,23.84
138.0,-128.1,-7.6,1,2,79.7,4.26
78.0,-83.9,9.3,7,13,47.9,32.32
112.0,-138.3,-10.0,0,0,67.0,2.1
109.0,-82.5,7.4,7,13,60.4,32.62
147.0,-106.7,-0.1,4,7,82.0,18.51
51.0,-54.0,20.1,11,21,29.8,42.91
25.0,-70.0,14.2,9,17,27.9,28.73
54.0,-117.7,-2.2,3,6,46.4,6.77
85.0,-104.0,1.9,4,7,52.2,15.57
147.0,-48.5,20.7,12,22,77.7,111.64
31.0,-66.6,16.8,10,19,28.0,36.31
161.0,-66.2,17.2,10,19,91.0,122.16
71.0,-53.9,25.1,13,24,53.0,96.7
51.0,-115.1,-4.4,2,4,32.9,3.31
61.0,-90.4,8.5,7,13,46.9,31.27
176.0,-79.8,12.0,8,15,93.1,79.6
78.0,-59.3,16.1,10,19,49.6,57.39
40.0,-105.3,2.4,5,9,36.5,11.57
174.0,-133.0,-9.8,0,0,91.2,2.9
167.0,-89.9,6.3,6,11,88.7,46.16
81.0,-62.9,19.1,11,21,48.0,65.52
87.0,-115.1,-3.1,3,6,51.6,6.26
25.0,-60.6,24.3,13,24,18.9,31.99
119.0,-52.2,16.0,10,19,67.6,80.83
38.0,-108.2,3.1,5,9,32.0,11.1
150.0,-126.0,-5.6,2,4,82.9,6.42
151.0,-78.6,9.8,7,13,85.9,64.45
14.0,-57.7,22.0,12,22,18.3,31.97
118.0,-100.0,2.5,5,9,73.4,24.12
105.0,-56.1,23.1,12,22,64.2,103.63
61.0,-64.1,17.0,10,19,40.9,50.65
146.0,-84.3,3.2,5,9,81.1,29.25
48.0,-128.4,-3.6,2,4,41.9,4.57
51.0,-103.3,3.5,5,9,32.3,11.9
144.0,-46.5,22.5,12,22,82.9,146.08
171.0,-73.5,10.9,8,15,94.3,75.29
36.0,-115.0,-2.0,3,6,34.0,5.43
134.0,-67.0,12.1,8,15,76.1,65.39
34.0,-79.5,10.6,8,15,24.3,19.42
145.0,-83.7,10.1,8,15,86.2,67.89
88.0,-87.7,8.9,7,13,60.7,38.45
87.0,-48.6,19.8,11,21,59.7,87.98
133.0,-62.3,17.7,10,19,76.8,100.73
78.0,-113.7,-0.3,4,7,48.8,10.33
20.0,-96.1,8.8,7,13,18.6,12.27
169.0,-61.7,15.7,10,19,98.4,117.9
153.0,-118.1,-6.8,1,2,77.4,4.93
172.0,-72.6,14.4,9,17,88.2,89.22
175.0,-94.0,4.9,6,11,97.1,41.0
85.0,-44.1,23.8,13,24,54.6,97.67
122.0,-74.3,13.7,9,17,71.5,74.26
180.0,-114.4,-2.5,3,6,100.0,13.9
55.0,-133.0,-6.4,1,2,30.4,1.87
120.0,-121.1,-2.9,3,6,72.6,9.42
26.0,-67.8,15.2,9,17,29.9,33.61
140.0,-59.5,16.4,10,19,75.6,89.82
22.0,-50.0,25.5,13,24,18.4,35.02
129.0,-60.2,21.3,12,22,71.5,109.11
71.0,-92.5,6.1,6,11,47.4,24.85
177.0,-50.0,19.0,11,21,100.0,137.4
82.0,-122.7,-3.8,2,4,59.2,7.09
170.0,-123.2,-4.7,2,4,90.2,8.54
75.0,-100.6,2.4,5,9,39.7,12.07
116.0,-133.6,-5.8,2,4,72.1,5.14
66.0,-72.3,15.0,9,17,46.2,50.51
104.0,-88.9,8.9,7,13,72.3,50.48
147.0,-52.7,19.6,11,21,81.9,113.92
134.0,-109.6,1.5,4,7,80.7,22.72
18.0,-106.2,4.5,5,9,13.3,5.56
54.0,-64.4,21.3,12,22,41.5,62.75
122.0,-104.1,6.0,6,11,72.3,36.04
26.0,-77.4,14.5,9,17,24.9,26.55
123.0,-85.7,6.8,6,11,74.6,44.15
41.0,-87.5,12.2,8,15,30.9,29.77
153.0,-128.2,-7.4,1,2,91.7,4.75
74.0,-120.7,-2.4,3,6,41.3,6.1
39.0,-89.2,10.1,8,15,24.0,17.81
91.0,-77.9,11.8,8,15,55.0,48.91
132.0,-84.4,8.7,7,13,77.6,53.18
69.0,-57.9,19.4,11,21,42.1,57.26
72.0,-91.7,6.4,6,11,46.3,25.08
64.0,-80.3,13.7,9,17,45.7,46.15
112.0,-94.2,3.2,5,9,65.5,23.69
168.0,-70.8,10.9,8,15,98.0,84.65
178.0,-60.1,18.0,11,21,96.3,121.74
139.0,-119.5,-8.2,1,2,75.4,3.4
78.0,-44.7,26.9,14,26,42.8,79.94
175.0,-66.0,16.7,10,19,97.0,110.75
47.0,-59.2,17.3,10,19,32.0,41.45
77.0,-59.0,16.2,10,19,51.1,58.23
168.0,-69.0,12.2,8,15,87.5,82.18
123.0,-133.3,-6.2,1,2,69.3,4.73
172.0,-72.3,11.4,8,15,92.9,83.54
95.0,-121.4,0.9,4,7,67.8,17.02
129.0,-100.3,3.1,5,9,69.5,24.96
108.0,-109.0,2.9,5,9,72.1,24.82
141.0,-121.6,-8.3,1,2,80.3,3.47
76.0,-90.8,10.1,8,15,44.1,34.72
102.0,-93.8,7.5,7,13,59.7,33.48
8.0,-69.5,16.9,10,19,15.5,17.97
103.0,-53.9,17.3,10,19,64.6,83.13
62.0,-112.4,2.4,5,9,43.2,15.11
15.0,-63.6,19.9,11,21,21.7,33.22
103.0,-75.2,12.5,8,15,64.6,63.75
80.0,-47.2,22.8,12,22,54.2,82.2
119.0,-128.9,-10.0,0,0,65.3,1.92
51.0,-108.0,0.2,4,7,36.3,8.63
95.0,-74.5,15.0,9,17,56.7,64.33
31.0,-128.8,-4.7,2,4,26.0,2.28
5.0,-103.3,2.7,5,9,10.3,3.44
45.0,-118.2,-1.9,3,6,39.4,6.32
61.0,-53.8,20.9,12,22,43.1,66.17
111.0,-122.5,-4.9,2,4,68.4,6.26
13.0,-132.6,-3.0,3,6,23.0,2.87
125.0,-132.8,-7.2,1,2,74.1,4.02
154.0,-57.3,18.1,11,21,81.9,117.41
165.0,-105.5,2.8,5,9,93.8,32.42
178.0,-114.2,-2.5,3,6,100.0,14.35
134.0,-135.9,-10.0,0,0,83.0,2.69
65.0,-106.1,3.7,5,9,43.2,16.76
122.0,-119.9,-6.1,1,2,70.4,4.88
126.0,-44.0,23.7,13,24,73.5,127.49
78.0,-79.2,10.7,8,15,44.4,36.7
99.0,-80.3,12.7,9,17,63.5,62.67
154.0,-115.2,-3.6,2,4,87.3,10.25
158.0,-65.9,13.8,9,17,82.9,83.82
167.0,-136.6,-10.0,0,0,90.1,2.67
95.0,-55.4,21.0,12,22,58.7,86.24
51.0,-121.1,-5.2,2,4,29.0,2.41
36.0,-101.5,6.1,6,11,18.6,9.74
172.0,-127.5,-8.4,1,2,91.0,3.82
105.0,-111.7,-3.3,3,6,70.0,8.53
146.0,-54.0,20.3,11,21,94.8,145.66
131.0,-95.5,3.2,5,9,72.9,27.0
64.0,-99.7,4.8,6,11,44.4,18.18
71.0,-51.1,21.1,12,22,45.8,71.11
65.0,-121.4,-2.8,3,6,40.9,5.44
53.0,-134.9,-6.3,1,2,37.7,2.35
160.0,-113.4,-2.2,3,6,88.7,13.3
24.0,-48.8,23.3,12,22,19.1,33.03
170.0,-92.6,5.4,6,11,90.3,41.97
58.0,-120.7,-3.8,2,4,44.0,4.73
97.0,-113.4,1.0,4,7,59.0,15.24
134.0,-118.8,-0.1,4,7,75.4,15.46
72.0,-60.4,20.2,11,21,48.8,70.28
51.0,-67.2,17.5,10,19,38.6,52.15
63.0,-123.8,-3.4,2,4,40.0,4.75
48.0,-91.4,8.5,7,13,34.1,22.69
68.0,-44.9,25.7,13,24,45.9,88.29
27.0,-117.2,0.0,4,7,28.4,6.33
5.0,-76.5,13.0,9,17,13.0,12.72
61.0,-44.0,19.1,11,21,34.4,49.06
150.0,-106.7,3.2,5,9,82.1,31.85
167.0,-65.7,17.2,10,19,92.7,112.18
55.0,-139.9,-9.2,0,0,35.4,1.32
117.0,-125.0,-5.7,2,4,69.1,5.33
118.0,-65.9,14.1,9,17,63.0,66.84
61.0,-53.2,23.6,13,24,44.2,77.57
107.0,-93.6,5.1,6,11,61.4,28.95
12.0,-44.0,26.0,13,24,17.3,33.38
31.0,-88.8,10.0,8,15,26.6,19.72
131.0,-96.5,3.7,5,9,76.2,29.99
28.0,-73.9,12.2,8,15,31.2,27.88
120.0,-60.0,17.7,10,19,69.8,89.83
139.0,-108.9,-0.2,4,7,80.4,17.51
29.0,-72.6,12.1,8,15,26.1,23.53
16.0,-45.6,24.2,13,24,21.6,37.41
61.0,-52.5,19.9,11,21,44.5,66.62
62.0,-83.8,9.6,7,13,38.7,27.54
61.0,-50.4,20.6,11,21,43.0,61.62
180.0,-58.5,12.9,9,17,100.0,96.17
139.0,-109.0,0.2,4,7,78.1,18.75
120.0,-58.8,19.2,11,21,65.3,93.42
148.0,-59.0,17.8,10,19,78.6,101.52
84.0,-117.6,-0.9,3,6,63.6,11.77
180.0,-45.0,22.1,12,22,100.0,162.26
88.0,-79.2,10.8,8,15,56.9,45.71
160.0,-85.2,9.3,7,13,89.5,62.32
9.0,-83.7,10.2,8,15,20.2,16.36
180.0,-91.7,5.6,6,11,100.0,46.4
61.0,-61.8,21.2,12,22,44.6,73.5
143.0,-65.7,16.5,10,19,81.0,98.63
166.0,-120.8,-7.0,1,2,93.5,5.36
21.0,-96.6,6.2,6,11,21.0,11.74
65.0,-128.8,-5.4,2,4,42.1,3.28
34.0,-128.0,-3.5,2,4,28.6,3.37
40.0,-61.8,13.4,9,17,23.2,22.48
93.0,-64.8,16.7,10,19,55.1,70.42
12.0,-96.4,5.8,6,11,15.5,7.9
149.0,-99.8,5.1,6,11,73.7,31.8
113.0,-76.4,10.2,8,15,62.3,46.43
43.0,-54.4,18.8,11,21,31.2,41.08
70.0,-115.1,-0.4,4,7,39.2,7.76
90.0,-99.4,4.2,5,9,49.9,21.2
117.0,-130.0,-9.8,0,0,66.9,2.16
124.0,-120.6,-1.9,3,6,75.6,11.77
88.0,-110.3,-4.0,2,4,50.5,5.7
15.0,-130.8,-5.6,2,4,20.9,1.6
119.0,-108.7,-0.4,4,7,78.2,16.26
156.0,-81.3,9.9,7,13,84.0,56.56
137.0,-132.1,-8.2,1,2,83.1,3.74
23.0,-59.3,20.7,11,21,19.4,30.02
15.0,-47.0,24.9,13,24,17.0,29.51
62.0,-89.9,8.4,7,13,38.6,25.4
120.0,-113.6,-1.5,3,6,65.6,11.86
61.0,-95.3,5.0,6,11,39.6,16.6
133.0,-102.8,3.3,5,9,72.7,26.52
73.0,-86.9,10.8,8,15,46.9,40.84
58.0,-69.2,16.8,10,19,38.1,46.91
34.0,-114.8,1.2,4,7,30.9,8.42
179.0,-50.1,21.7,12,22,95.4,151.85
14.0,-127.6,-6.4,1,2,17.8,1.23
31.0,-87.9,8.5,7,13,27.9,17.43
154.0,-49.1,20.5,11,21,86.6,128.0
81.0,-89.5,8.8,7,13,44.6,29.62
141.0,-121.6,-3.9,2,4,71.3,7.94
93.0,-91.5,8.1,7,13,61.6,35.05
89.0,-101.1,5.9,6,11,52.0,26.7
129.0,-56.2,20.1,11,21,68.0,105.05
58.0,-122.7,-3.4,2,4,33.6,4.02
107.0,-92.7,7.8,7,13,66.3,37.91
86.0,-124.5,-5.7,2,4,54.9,4.43
48.0,-67.9,13.0,9,17,31.8,31.36
19.0,-134.3,-8.6,1,2,30.4,1.25
40.0,-108.6,1.2,4,7,33.4,8.48
129.0,-123.0,-3.3,3,6,75.8,9.12
17.0,-84.6,10.4,8,15,23.8,17.53
166.0,-108.6,0.4,4,7,87.2,21.43
123.0,-75.4,15.3,9,17,72.7,76.46
157.0,-123.2,-5.5,2,4,88.1,7.07
42.0,-79.8,14.8,9,17,31.5,31.96
176.0,-96.2,0.7,4,7,97.8,23.42
39.0,-81.3,12.9,9,17,23.2,23.86
168.0,-116.4,-2.5,3,6,87.0,12.9
104.0,-123.3,-5.4,2,4,64.7,5.28
13.0,-86.6,10.8,8,15,16.6,14.72
119.0,-44.6,21.0,12,22,78.0,124.73
157.0,-48.9,21.2,12,22,86.5,136.43
113.0,-78.6,13.6,9,17,69.9,72.1
61.0,-121.3,-4.7,2,4,37.8,3.29
98.0,-90.6,3.2,5,9,54.1,20.25
96.0,-96.1,2.7,5,9,63.8,21.04
112.0,-44.0,23.0,12,22,63.4,105.44
13.0,-60.7,19.1,11,21,24.1,33.67
38.0,-72.6,13.4,9,17,34.1,32.79
155.0,-100.5,3.5,5,9,86.6,30.67
91.0,-121.5,-2.0,3,6,60.2,9.29
85.0,-67.8,15.7,10,19,61.2,66.79
146.0,-116.5,-2.9,3,6,82.5,11.06
32.0,-73.3,16.9,10,19,21.9,27.44
73.0,-107.7,0.3,4,7,42.8,9.8
53.0,-90.8,5.7,6,11,40.3,19.0
82.0,-109.9,-0.7,3,6,50.5,10.09
149.0,-114.0,0.7,4,7,84.0,20.8
7.0,-114.1,-0.3,4,7,16.2,3.27
82.0,-91.1,4.7,5,9,46.3,17.88
82.0,-53.7,23.1,12,22,56.2,94.42
161.0,-90.2,6.4,6,11,90.5,50.02
118.0,-128.9,-5.1,2,4,61.9,5.04
152.0,-56.5,20.4,11,21,85.9,127.82
149.0,-55.0,20.2,11,21,85.7,129.01
111.0,-120.2,-4.1,2,4,63.8,6.31
5.0,-116.0,-0.3,4,7,13.8,2.82
124.0,-125.6,-7.0,1,2,67.8,3.79
65.0,-109.5,-2.5,3,6,43.3,6.11
174.0,-65.0,13.2,9,17,90.5,88.49
105.0,-44.0,25.8,13,24,61.8,119.27
105.0,-128.2,-9.2,0,0,53.0,2.0
35.0,-102.4,3.2,5,9,28.1,9.83
39.0,-44.2,25.3,13,24,31.7,62.18
179.0,-63.2,16.6,10,19,92.2,110.92
133.0,-91.8,5.8,6,11,75.0,36.96
117.0,-110.9,-0.5,4,7,65.4,13.49
51.0,-120.7,-0.7,3,6,33.4,6.66
143.0,-60.4,16.5,10,19,85.2,93.75
117.0,-113.9,-0.6,4,7,63.3,12.18
99.0,-123.3,-3.7,2,4,52.5,6.19
138.0,-56.0,17.3,10,19,80.3,92.09
79.0,-113.9,-1.4,3,6,54.6,9.39
25.0,-65.1,20.2,11,21,26.1,38.17
49.0,-117.5,-5.0,2,4,38.5,3.35
97.0,-48.8,23.7,13,24,65.8,119.37
44.0,-98.1,5.7,6,11,30.3,14.89
21.0,-45.4,25.6,13,24,21.2,37.13
46.0,-77.6,13.2,9,17,28.1,26.38
111.0,-80.5,8.4,7,13,67.8,43.39
137.0,-96.9,2.4,5,9,71.5,21.56
10.0,-66.8,15.3,9,17,18.4,20.44
145.0,-114.2,-4.3,2,4,79.6,8.09
48.0,-66.8,19.4,11,21,33.2,47.6
59.0,-56.0,17.8,10,19,42.9,55.75
40.0,-46.2,23.5,13,24,29.1,51.25
56.0,-131.9,-6.9,1,2,46.6,2.89
42.0,-126.6,-5.0,2,4,32.5,2.84
77.0,-77.9,10.3,8,15,46.9,37.84
160.0,-93.5,4.0,5,9,89.2,35.05
137.0,-62.5,19.4,11,21,74.7,103.43
48.0,-67.1,18.6,11,21,31.9,42.37
24.0,-80.4,11.9,8,15,30.4,29.42
56.0,-78.4,10.5,8,15,35.8,27.71
112.0,-95.3,3.5,5,9,69.1,24.84
18.0,-69.0,17.1,10,19,15.5,20.7
19.0,-54.7,23.6,13,24,16.6,30.33
114.0,-129.1,-10.0,0,0,62.8,1.95
103.0,-52.3,23.5,13,24,65.5,104.9
87.0,-135.1,-9.9,0,0,46.4,1.42
42.0,-123.5,-4.1,2,4,32.0,3.38
105.0,-78.2,12.2,8,15,54.7,50.76
171.0,-63.6,11.9,8,15,86.2,77.67
93.0,-112.4,-1.7,3,6,59.3,10.03
24.0,-83.5,14.5,9,17,28.4,31.16
97.0,-57.4,20.0,11,21,64.8,91.54
166.0,-62.4,14.7,9,17,93.3,103.64
164.0,-88.8,6.1,6,11,96.6,47.83
79.0,-121.7,-7.2,1,2,44.7,2.25
63.0,-69.5,16.2,10,19,44.9,52.08
49.0,-108.7,1.2,4,7,32.8,8.75
120.0,-56.7,16.8,10,19,72.2,85.1
72.0,-61.3,18.3,11,21,45.7,63.13
17.0,-84.7,11.7,8,15,17.9,15.31
39.0,-53.8,24.9,13,24,38.0,72.91
110.0,-113.2,-0.1,4,7,63.0,13.75
62.0,-79.9,13.2,9,17,35.5,35.45
82.0,-128.9,-7.6,1,2,42.7,2.16
157.0,-92.8,4.2,5,9,83.1,33.13
44.0,-115.7,-2.1,3,6,35.6,5.19
94.0,-67.2,17.0,10,19,54.0,68.92
7.0,-137.6,-3.7,2,4,3.2,0.5
117.0,-126.3,-6.4,1,2,72.3,4.4
105.0,-92.7,4.5,5,9,60.1,24.58
9.0,-125.1,-2.8,3,6,12.9,1.81
69.0,-111.4,-1.9,3,6,40.5,6.25
108.0,-50.5,19.9,11,21,55.1,78.98
113.0,-130.1,-8.2,1,2,62.8,3.01
137.0,-115.1,-1.6,3,6,78.6,12.65
137.0,-98.5,4.5,5,9,75.4,32.14
126.0,-123.7,-6.4,1,2,74.4,4.93
91.0,-124.4,-3.6,2,4,54.7,6.25
79.0,-83.5,12.7,9,17,42.3,40.44
10.0,-111.7,0.5,4,7,14.6,3.5
154.0,-82.3,9.9,7,13,82.9,60.55
98.0,-125.6,-5.4,2,4,60.0,5.0
48.0,-108.9,0.7,4,7,32.9,8.9
139.0,-134.1,-8.2,1,2,79.7,3.35
21.0,-137.8,-6.0,1,2,24.6,1.65
178.0,-44.0,22.3,12,22,100.0,163.99
143.0,-125.9,-6.6,1,2,80.7,4.92
93.0,-112.4,-2.7,3,6,50.8,7.02
77.0,-101.6,5.9,6,11,47.0,24.39
155.0,-132.8,-8.4,1,2,84.5,3.75
94.0,-109.0,0.4,4,7,64.8,14.71
123.0,-105.7,3.2,5,9,73.0,26.34
80.0,-136.1,-6.3,1,2,61.8,4.22
65.0,-63.2,15.6,10,19,40.8,44.91
125.0,-103.8,2.1,5,9,70.8,21.49
179.0,-79.7,10.7,8,15,97.1,77.13
171.0,-114.7,-2.6,3,6,88.9,12.35
24.0,-107.0,3.3,5,9,25.1,9.3
44.0,-63.3,18.2,11,21,32.7,42.79
40.0,-105.7,2.3,5,9,33.7,10.71
34.0,-63.1,18.8,11,21,25.1,32.11
81.0,-44.0,21.9,12,22,48.0,79.28
122.0,-58.3,15.6,10,19,67.4,77.89
140.0,-96.4,5.1,6,11,80.0,37.44
154.0,-54.8,19.7,11,21,89.0,131.01
79.0,-92.2,7.9,7,13,49.8,31.28
139.0,-82.7,10.5,8,15,79.1,68.86
66.0,-62.8,16.4,10,19,42.3,51.43
103.0,-56.9,18.0,10,19,60.1,87.77
34.0,-86.3,9.6,7,13,24.5,18.65
7.0,-89.1,10.4,8,15,12.0,9.02
16.0,-51.9,22.7,12,22,16.4,27.99
91.0,-124.5,-2.3,3,6,58.2,8.84
82.0,-119.5,-8.9,0,0,48.4,1.8
62.0,-95.3,4.5,5,9,43.1,18.42
67.0,-69.6,15.8,10,19,42.7,53.72
108.0,-130.4,-9.2,0,0,63.9,2.28
120.0,-100.5,1.7,4,7,72.5,20.14
87.0,-112.1,-3.6,2,4,53.0,6.12
69.0,-102.7,3.2,5,9,44.4,16.04
56.0,-48.0,23.2,12,22,40.6,70.74
108.0,-94.2,6.3,6,11,69.0,38.79
83.0,-124.3,-5.2,2,4,49.2,3.86
103.0,-80.4,11.8,8,15,58.3,49.15
12.0,-83.1,14.0,9,17,18.9,19.9
11.0,-122.6,0.6,4,7,13.6,3.15
92.0,-68.4,16.0,10,19,61.1,69.55
161.0,-77.0,10.8,8,15,86.8,66.31
113.0,-132.1,-10.0,0,0,65.9,2.05
12.0,-88.2,6.6,6,11,19.1,10.45
56.0,-60.5,20.4,11,21,39.4,58.52
110.0,-101.2,3.1,5,9,63.9,20.77
113.0,-136.3,-7.8,1,2,69.9,3.4
166.0,-49.1,25.6,13,24,89.5,154.14
151.0,-98.0,2.7,5,9,86.3,29.26
107.0,-49.3,21.2,12,22,57.0,90.06
127.0,-70.3,16.4,10,19,76.7,101.83
17.0,-60.7,19.7,11,21,18.2,25.28
134.0,-84.5,7.7,7,13,84.1,51.35
46.0,-44.2,26.1,14,26,35.2,70.85
22.0,-73.7,13.8,9,17,24.2,26.94
160.0,-86.8,8.9,7,13,93.4,64.64
157.0,-128.9,-3.3,3,6,88.0,11.12
69.0,-62.7,20.1,11,21,45.0,64.8
57.0,-44.0,26.2,14,26,42.7,86.67
139.0,-72.6,15.1,9,17,82.0,87.75
175.0,-114.1,-3.3,2,4,98.6,12.19
50.0,-66.1,15.0,9,17,27.3,30.31
136.0,-100.9,3.3,5,9,73.3,26.23
57.0,-79.0,11.5,8,15,43.8,37.34
29.0,-53.6,22.8,12,22,25.5,45.23
16.0,-60.5,23.1,12,22,16.9,28.58
51.0,-57.4,17.0,10,19,34.4,44.17
138.0,-52.8,23.2,12,22,82.7,140.39
71.0,-126.2,-3.3,3,6,42.5,4.97
180.0,-132.0,-10.0,0,0,100.0,2.97
114.0,-79.1,10.6,8,15,60.1,48.79
131.0,-94.6,6.9,6,11,71.3,42.88
37.0,-65.1,18.4,11,21,26.8,35.17
44.0,-101.9,3.6,5,9,32.0,12.93
63.0,-119.4,-1.0,3,6,39.9,7.37
13.0,-119.0,1.3,4,7,14.2,3.86
152.0,-65.1,17.2,10,19,88.9,111.58
140.0,-53.0,18.3,11,21,82.2,113.59
124.0,-134.3,-7.8,1,2,74.8,3.6
92.0,-129.5,-9.0,0,0,54.5,2.08
159.0,-102.9,0.7,4,7,83.3,19.61
86.0,-126.2,-5.5,2,4,50.2,3.86
75.0,-102.1,2.6,5,9,46.3,15.36
104.0,-55.7,21.0,12,22,53.8,83.42
95.0,-129.0,-10.0,0,0,58.5,1.77
126.0,-135.2,-9.5,0,0,75.9,2.69
151.0,-87.5,8.6,7,13,81.7,56.59
48.0,-105.7,4.5,5,9,34.6,13.42
62.0,-70.6,14.9,9,17,45.8,51.29
55.0,-76.4,14.4,9,17,39.8,43.81
61.0,-127.1,-7.3,1,2,44.5,2.43
74.0,-84.7,11.9,8,15,49.7,41.15
51.0,-57.6,17.7,10,19,44.1,58.63
127.0,-136.8,-8.4,1,2,70.8,3.2
20.0,-64.9,17.5,10,19,25.8,31.98
75.0,-126.0,-5.3,2,4,49.9,4.18
152.0,-94.1,4.3,5,9,83.7,37.34
122.0,-113.1,-4.6,2,4,70.1,6.45
97.0,-66.0,13.5,9,17,61.9,65.56
91.0,-59.2,18.5,11,21,61.0,88.48
107.0,-82.8,10.3,8,15,56.1,44.65
169.0,-111.9,-0.4,4,7,93.9,19.24
128.0,-99.5,6.3,6,11,78.9,40.14
96.0,-70.3,15.3,9,17,59.9,70.13
150.0,-68.0,15.2,9,17,80.7,98.4
160.0,-95.2,1.2,4,7,85.5,23.97
41.0,-80.9,9.7,7,13,37.3,27.63
74.0,-96.2,2.8,5,9,43.5,14.67
111.0,-88.1,10.9,8,15,62.9,50.95
17.0,-94.6,7.7,7,13,23.9,14.25
127.0,-106.6,3.8,5,9,73.8,28.01
136.0,-105.7,1.6,4,7,74.0,21.08
90.0,-48.9,22.8,12,22,59.8,104.32
94.0,-133.7,-7.5,1,2,54.8,2.93
9.0,-64.1,21.6,12,22,15.7,26.48
73.0,-119.5,0.2,4,7,42.8,8.95
10.0,-115.2,-1.3,3,6,17.9,3.0
156.0,-87.5,5.3,6,11,84.1,38.95
49.0,-63.5,17.3,10,19,34.4,43.61
135.0,-106.4,2.1,5,9,74.9,23.24
145.0,-82.6,8.4,7,13,74.5,49.6
36.0,-120.6,-1.2,3,6,26.5,4.5
141.0,-91.0,8.5,7,13,72.0,45.24
37.0,-128.8,-6.4,1,2,35.4,2.39
97.0,-86.5,6.9,6,11,62.0,33.52
123.0,-125.8,-7.3,1,2,70.3,3.9
148.0,-121.5,-5.0,2,4,85.9,7.4
179.0,-103.8,1.2,4,7,98.4,26.34
88.0,-126.0,-4.0,2,4,47.3,5.05
25.0,-73.9,13.6,9,17,23.3,25.19
129.0,-71.8,17.6,10,19,72.1,92.98
18.0,-106.3,3.4,5,9,30.5,11.77
112.0,-83.7,7.7,7,13,69.8,44.89
15.0,-120.5,-2.3,3,6,22.2,3.34
83.0,-84.3,11.2,8,15,47.0,40.71
9.0,-107.3,2.9,5,9,13.5,4.38
168.0,-94.8,4.0,5,9,85.4,36.3
135.0,-92.2,6.5,6,11,79.1,42.43
172.0,-103.2,-0.8,3,6,92.7,18.03
119.0,-91.2,3.9,5,9,71.1,29.28
108.0,-65.4,16.2,10,19,61.5,72.04
16.0,-106.8,1.5,4,7,17.6,5.11
40.0,-92.2,6.5,6,11,33.5,17.62
136.0,-94.9,5.1,6,11,73.4,32.66
44.0,-84.6,12.8,9,17,27.6,25.64
11.0,-112.0,0.4,4,7,17.3,3.95
39.0,-83.2,11.3,8,15,24.6,21.09
21.0,-52.5,23.7,13,24,21.6,40.18
105.0,-72.4,9.6,7,13,66.3,50.74
113.0,-77.2,11.1,8,15,68.5,57.87
80.0,-101.6,5.2,6,11,52.7,25.17
180.0,-86.9,7.5,7,13,95.9,59.08
25.0,-117.4,-1.1,3,6,25.0,4.41
85.0,-44.2,24.8,13,24,51.4,89.79
34.0,-75.4,19.3,11,21,24.0,32.17
108.0,-112.3,-2.6,3,6,66.1,8.45
134.0,-133.8,-7.1,1,2,67.3,3.58
61.0,-63.5,19.3,11,21,42.5,62.2
99.0,-47.9,23.4,13,24,61.6,105.82
145.0,-53.0,19.4,11,21,83.3,118.01
62.0,-53.9,21.0,12,22,36.9,59.11
48.0,-114.9,1.2,4,7,32.8,8.2
179.0,-94.1,5.0,6,11,100.0,45.46
37.0,-59.0,18.5,11,21,37.3,50.66
35.0,-104.6,3.2,5,9,36.1,12.47
112.0,-132.6,-7.5,1,2,60.7,3.09
168.0,-105.1,0.1,4,7,87.2,19.4
149.0,-114.1,-1.6,3,6,87.7,14.27
87.0,-63.1,15.3,9,17,50.8,60.99
48.0,-128.6,-6.5,1,2,34.5,2.22
83.0,-108.2,1.8,4,7,47.2,14.31
127.0,-115.4,-5.9,2,4,64.4,4.48
35.0,-122.4,-0.9,3,6,23.7,4.51
60.0,-65.5,17.9,10,19,34.4,47.72
27.0,-79.3,14.1,9,17,24.7,25.76
129.0,-50.6,21.8,12,22,70.8,112.11
124.0,-113.4,0.7,4,7,70.7,17.64
166.0,-80.8,10.4,8,15,98.0,78.21
45.0,-90.5,6.2,6,11,43.2,22.03
110.0,-101.9,7.6,7,13,68.1,40.69
98.0,-55.1,15.8,10,19,58.0,66.1
174.0,-76.6,9.5,7,13,98.5,78.23
48.0,-63.8,19.2,11,21,32.8,45.02
121.0,-84.6,5.5,6,11,65.2,33.25
163.0,-128.8,-7.9,1,2,93.2,4.24
13.0,-46.9,24.3,13,24,20.5,34.62
130.0,-117.4,-3.6,2,4,74.0,8.21
118.0,-71.8,12.2,8,15,65.1,57.95
147.0,-109.4,-0.4,4,7,86.1,18.76
52.0,-121.3,-3.7,2,4,36.7,4.02
134.0,-98.2,3.3,5,9,75.1,28.41
171.0,-58.6,15.3,9,17,92.9,104.65
7.0,-113.9,-3.5,2,4,18.8,2.22
58.0,-66.1,17.9,10,19,36.4,47.87
34.0,-100.3,2.8,5,9,23.9,8.12
110.0,-132.2,-6.8,1,2,60.2,3.5
171.0,-66.5,12.5,8,15,97.8,87.95
30.0,-132.4,-3.9,2,4,23.8,2.79
103.0,-75.2,14.5,9,17,65.7,70.13
178.0,-87.1,6.5,6,11,92.3,48.01
9.0,-123.7,-4.2,2,4,17.5,1.82
15.0,-118.5,-2.9,3,6,14.2,1.91
138.0,-83.3,8.9,7,13,80.5,55.52
73.0,-53.3,22.7,12,22,49.7,80.39
20.0,-131.8,-7.9,1,2,26.7,1.33
5.0,-57.3,18.5,11,21,26.5,35.68
148.0,-104.5,2.0,5,9,82.6,26.77
54.0,-122.4,-5.5,2,4,39.6,3.08
65.0,-87.6,5.5,6,11,37.4,17.38
90.0,-122.2,-4.2,2,4,57.9,5.81
120.0,-86.1,7.8,7,13,64.8,41.68
163.0,-101.3,1.1,4,7,93.3,22.76
95.0,-109.2,0.2,4,7,53.7,11.47
102.0,-105.9,1.8,4,7,55.5,15.67
57.0,-96.2,5.1,6,11,36.1,16.66
17.0,-48.8,25.7,13,24,15.0,27.82
126.0,-72.9,15.6,10,19,71.3,85.39
129.0,-127.3,-5.9,2,4,75.2,5.74
33.0,-77.4,14.2,9,17,23.7,25.97
38.0,-107.5,5.2,6,11,39.2,18.83
6.0,-71.4,14.8,9,17,15.9,17.0
175.0,-106.8,0.9,4,7,90.2,22.4
87.0,-126.8,-7.7,1,2,55.9,2.88
110.0,-106.4,-1.6,3,6,69.3,11.09
144.0,-133.4,-9.5,0,0,77.7,2.5
59.0,-57.5,21.5,12,22,40.1,59.71
16.0,-109.7,0.1,4,7,26.3,5.68
171.0,-87.4,5.4,6,11,95.4,47.96
135.0,-129.7,-4.9,2,4,75.5,6.44
149.0,-82.7,9.3,7,13,82.0,54.12
162.0,-112.1,-0.7,4,7,88.2,18.54
11.0,-75.3,16.8,10,19,14.3,18.41
